Code,Description,Dom / Int
0,Entity Code Is Blocked Out Due to Confidential Reasons,NA
1006,Virgin America ,Domestic
1100,"PM Air, LLC ",Domestic
1113,Harris Air Services ,Domestic
1124,"Cargo 360, Inc. ",Domestic
1126,Tradewind Aviation ,Domestic
1127,US Helicopter Corporation ,Domestic
1129,"Pacific Airways, Inc. ",Domestic
1130,"Swift Air, LLC d/b/a Eastern Air Lines d/b/a Eastern ",Domestic
1131,Compass Airlines ,Domestic
1133,"Skybus Airlines, Inc. ",Domestic
1136,"Inter Island Airways, d/b/a Inter Island Air ",Domestic
1139,Lynx Aviation d/b/a Frontier Airlines ,Domestic
1141,Kalitta Charters II (System),NA
1142,Vision Airlines ,Domestic
1143,"Mokulele Flight Services, Inc. ",Domestic
1145,"Multi-Aero, Inc. d/b/a Air Choice One ",Domestic
1146,Aloha Air Cargo ,Domestic
1148,"Air Greco, Inc., d/b/a Wings Air ",Domestic
1150,Avjet Corporation ,Domestic
1151,Air Excursions LLC ,Domestic
1154,"Prescott Support Company, Inc. (System)",NA
1155,"Prescott Support Company, Inc. ",Domestic
1158,Via Airlines d/b/a Charter Air Transport ,Domestic
1159,"Dynamic Airways, LLC ",Domestic
1161,Island Airlines LLC ,Domestic
1162,"KaiserAir, Inc. ",Domestic
1163,Alsek Air ,Domestic
1164,"Dynamic Airways, LLC (System)",NA
1165,Twin Cities Air Service LLC ,Domestic
1166,Makani Kai Air Charters ,Domestic
1167,City Wings Inc dba Seaflight ,Domestic
1168,Sun Air Express LLC dba Sun Air International ,Domestic
1169,Star Marianas Air Inc. ,Domestic
1173,"Reeve Air Alaska, LLC ",Domestic
1175,Scott Air LLC dba Island Air Express ,Domestic
1176,Ultimate JetCharters LLC dba Ultimate Air Shuttle ,Domestic
1177,Boutique Air ,Domestic
1180,"Air Charter, Inc d/b/a Air Flamenco ",Domestic
1183,Western Global ,Domestic
1184,Orange Air ,Domestic
1185,Orange Air (System),NA
1189,CFM Inc d/b/a Contour Airlines ,Domestic
1190,Gem Air LLC ,Domestic
1192,Songbird Airways Inc. ,Domestic
1193,Eastern Airlines Group Inc. ,Domestic
1194,"Jet Aviation Flight Services, Inc. ",Domestic
1195,Menagerie Enterprises Inc d/b/a Monarch Air ,Domestic
1196,Erickson Helicopters ,Domestic
1199,"J&M Alaska Air Tours, Inc. d/b/a Alaska Air Transit ",Domestic
1200,Elite Airways LLC ,Domestic
1201,Elite Airways LLC (System),NA
1202,Delux Public Charter LLC ,Domestic
1203,Tropic Ocean Airways LLC ,Domestic
1205,LIMA NY Corp d/b/a Fly The Whale d/b/a Tailwind ,Domestic
1206,21 Air LLC ,Domestic
1207,21 Air LLC (System),NA
1209,Trans Northern Airways d/b/a Air Unlimited Charter Services ,Domestic
1210,"Maine Aviation Aircraft Charter, LLC ",Domestic
1212,"Paklook Air, Inc d/b/a/ Airlift Alaska d/b/a/ Yute Commuter Service ",Domestic
1216,"Public Charters, Inc. d/b/a North Country Sky d/b/a Regional Sky d/b/a Texas Sky (Dom",NA
1220,Continental Air Lines Inc. ,Domestic
1221,"Polaris Aviation Solutions, LLC (System)",NA
1223,"Polaris Aviation Solutions, LLC ",Domestic
1224,"Aztec Worldwide Airlines, Inc.  d/b/a  Aztec Airways ",Domestic
1225,"Hillwood Airways, LLC  f/k/a   ATX Air Services, LLC (System)",NA
1226,"Hillwood Airways, LLC  f/k/a   ATX Air Services, LLC ",Domestic
1228,Key Lime Air Corporation ,Domestic
1229,"ADVANCED AIR, LLC ",Domestic
1230,"Maritime Helicopters, Inc. ",Domestic
1260,Delta Air Lines Inc. ,Domestic
1600,Northwest Airlines Inc. ,Domestic
1656,Pan American World Airways (1) ,Domestic
1930,Western Air Lines Inc. ,Domestic
2040,US Airways Inc. ,Domestic
2120,Braniff Inc. ,Domestic
2330,Frontier Airlines Inc. (1) ,Domestic
2625,Ozark Air Lines Inc. (1) ,Domestic
2680,Piedmont Aviation Inc. ,Domestic
2750,Republic Airlines Inc. ,Domestic
2849,Transamerica Airlines Inc. (System),NA
4350,Markair Inc. ,Domestic
4530,Munz Northern Airlines Inc. ,Domestic
4590,Wien Air Alaska Inc. ,Domestic
4720,Reeve Aleutian Airways Inc. ,Domestic
5045,Aloha Airlines Inc. ,Domestic
5375,Hawaiian Airlines Inc. ,Domestic
6000,Accessair Holdings ,Domestic
6001,Aerial Transit Company (System),NA
6002,Aerial Transit Company ,Domestic
6003,Republic Airlines ,Domestic
6004,Omega Air Holdings d/b/a Focus Air (System),NA
6006,Omega Air Holdings d/b/a Focus Air ,Domestic
6007,Flight International (System),NA
6008,Flight International ,Domestic
6009,Air Atlanta Inc. ,Domestic
6010,Air California Inc. ,Domestic
6012,Air Hawaii ,Domestic
6013,Air Illinois Inc. ,Domestic
6014,Air One Inc. ,Domestic
6015,Air Florida Inc. ,Domestic
6018,Emery Worldwide Airlines ,Domestic
6019,Alaska Central Express ,Domestic
6020,Air Wisconsin Airlines Corp ,Domestic
6021,Airpac Inc. ,Domestic
6022,Airmark Corporation (System),NA
6023,Airmark Corporation ,Domestic
6024,Air Wisconsin Airlines Corp ,Domestic
6025,Air National ,Domestic
6026,Air Puerto Rico Airlines (System),NA
6027,Air Puerto Rico Airlines ,Domestic
6028,Air Transport International (System),NA
6029,Air Transport International ,Domestic
6030,AirTran Airways Corporation ,Domestic
6031,Alaska Airlines Inc. ,Domestic
6032,Air South Inc. (1) ,Domestic
6033,All Star Airlines Inc. (System),NA
6034,All Star Airlines Inc. ,Domestic
6035,Allegiant Air ,Domestic
6036,Air 21 ,Domestic
6037,UltrAir (System),NA
6038,Sky King Inc. (System),NA
06038 (1),UltrAir ,Domestic
6039,Sky King Inc. ,Domestic
6041,NetJets Large Aircraft Company L.L.C. (System),NA
6042,American International Airways Inc. (System),NA
6043,American International Airways Inc. ,Domestic
6044,Aviation Concepts ,Domestic
6045,Aviation Concepts (System),NA
6047,ATA Airlines d/b/a ATA (System),NA
6048,ATA Airlines d/b/a ATA ,Domestic
6049,America West Airlines Inc. ,Domestic
6051,Amerijet International (System),NA
6052,Amerijet International ,Domestic
6053,Airmark Airlines Inc. (System),NA
6054,Airmark Airlines Inc. ,Domestic
6055,Ameristar Air Cargo ,Domestic
6057,Arista International Airlines Inc. (System),NA
6058,Arista International Airlines Inc. ,Domestic
6060,Arrow Air Inc. (System),NA
6061,Arrow Air Inc. ,Domestic
6069,Asia Pacific (System),NA
6070,Asia Pacific ,Domestic
6075,Aspen Airways Inc. ,Domestic
6076,"Caribbean Sun Airlines, Inc. d/b/a World Atlantic Airlines ",Domestic
6077,"Caribbean Sun Airlines, Inc. d/b/a World Atlantic Airlines (System)",NA
6080,Atlantic Gulf Airlines ,Domestic
6081,Aerodynamics Inc. d/b/a SkyValue d/b/a SkyValue Airways ,Domestic
6085,ExpressJet Airlines Inc. ,Domestic
6086,Atlas Air Inc. (System),NA
6087,Atlas Air Inc. ,Domestic
6091,Av Atlantic (System),NA
6092,Av Atlantic ,Domestic
6093,Bellair Inc. ,Domestic
6095,Best Airlines Inc. ,Domestic
6110,Blue Bell Inc. (System),NA
6111,Blue Bell Inc. ,Domestic
6120,Braniff International Airlines Inc. ,Domestic
6130,ExpressJet Airlines Inc. (1) ,Domestic
6136,Buffalo Airways Inc. (System),NA
6137,Buffalo Airways Inc. ,Domestic
6140,Business Express ,Domestic
6143,XTRA Airways (System),NA
6144,XTRA Airways ,Domestic
6150,Capitol International Inc. ,Domestic
6159,Capitol Air Express Inc. (System),NA
6160,Capitol Air Express Inc. ,Domestic
6164,Capital Cargo International (System),NA
6165,Capital Cargo International ,Domestic
6166,Chicago Express Airlines ,Domestic
6170,"Astar USA, LLC ",Domestic
6175,Custom Air Transport ,Domestic
6178,Centurion Cargo Inc. (System),NA
6179,Centurion Cargo Inc. ,Domestic
6180,Cascade Airways Inc. ,Domestic
6181,Challenge Air International Inc. (System),NA
6182,Challenge Air International Inc. ,Domestic
6183,Challenge Air Transport Inc. (System),NA
6184,Challenge Air Transport Inc. ,Domestic
6185,Colgan Airways Inc. ,Domestic
6186,Comair Inc. ,Domestic
6187,ExpressJet Airlines Inc. (1) ,Domestic
6188,Conner Air Lines Inc. (System),NA
6189,Conner Air Lines Inc. ,Domestic
6191,Kitty Hawk International ,Domestic
6194,Discovery Airways Inc. ,Domestic
6195,Emerald Airlines Inc. ,Domestic
6196,Executive Airlines ,Domestic
6197,Evergreen International Inc. (System),NA
6198,Evergreen International Inc. ,Domestic
6200,Federal Express Corporation ,Domestic
6201,Florida Express Inc. ,Domestic
6202,Five Star Airlines (System),NA
6203,Five Star Airlines ,Domestic
6205,Flagship Airlines Inc. ,Domestic
6206,Frontier Horizon Inc. ,Domestic
6220,Kiwi International ,Domestic
6279,Eagle Airlines (System),NA
6280,Eagle Airlines ,Domestic
6290,Eastwind Airlines Inc. ,Domestic
6299,Empire Airlines Inc. ,Domestic
6300,Empire Airlines Inc. ,Domestic
6399,Falcon Air Express (System),NA
6400,Falcon Air Express ,Domestic
6450,Fine Airlines Inc. (System),NA
6451,Fine Airlines Inc. ,Domestic
6460,Frontier Airlines Inc. ,Domestic
6500,Galaxy Airlines Inc. ,Domestic
6501,Galaxy Airlines Inc. (System),NA
6510,Gemini Air Cargo Airways ,Domestic
6534,Global International Airways Corp. (System),NA
6535,Global International Airways Corp. ,Domestic
6540,Grand Airways Inc. ,Domestic
6549,Great American Airways (System),NA
6550,Great American Airways ,Domestic
6560,Gulf Air Transport Inc. (System),NA
6561,Gulf Air Transport Inc. ,Domestic
6564,Gulf And Caribbean Cargo (System),NA
6565,Gulf And Caribbean Cargo ,Domestic
6570,Guy-America Airways Inc. ,Domestic
6580,Horizon Air ,Domestic
6610,Independent Air Inc. (System),NA
6611,Independent Air Inc. ,Domestic
6619,International Cargo Xpress (System),NA
6620,International Cargo Xpress ,Domestic
6624,Interstate Airlines Inc. (System),NA
6625,Interstate Airlines Inc. ,Domestic
6630,Intl Air Service Co. Ltd. ,Domestic
6669,Great Plains Airlines Inc. ,Domestic
6670,Jet America Airlines Inc. ,Domestic
6673,JetBlue Airways ,Domestic
6675,Jet Charter Service Inc. (System),NA
6676,Jet Charter Service Inc. ,Domestic
6677,Jet Fleet Intl. Airlines (System),NA
6678,Jet Fleet Intl. Airlines ,Domestic
6680,Jettrain Airlines ,Domestic
6681,Express One International Inc. (System),NA
6682,Express One International Inc. ,Domestic
6683,Kalitta Air LLC ,Domestic
6684,Kalitta Air LLC (System),NA
6685,Key Airlines Inc. ,Domestic
6687,Kitty Hawk Aircargo (System),NA
6688,Kitty Hawk Aircargo ,Domestic
6689,Mesa Airlines Inc. ,Domestic
6690,Miami Air International ,Domestic
6691,Miami Air International (System),NA
6692,Mesaba Airlines ,Domestic
6693,Midway Airlines Inc. ,Domestic
6694,Legend Airlines ,Domestic
6695,Morris Air Corporation ,Domestic
6696,Laker Airways Inc. (System),NA
6697,Laker Airways Inc. ,Domestic
6698,Lorair Ltd. ,Domestic
6699,Lynden Air Cargo Airlines ,Domestic
6700,SkyWest Airlines Inc. ,Domestic
6701,Millon Air Inc. (System),NA
6702,Millon Air Inc. ,Domestic
6705,Mid-South Aviation Inc. ,Domestic
6706,"Midwest Airline, Inc. ",Domestic
6707,Midway Express Airlines ,Domestic
6708,Transtar Airlines Corp. ,Domestic
6709,Northeastern International Airways ,Domestic
6710,Mid Pacific Airlines Inc. ,Domestic
6711,Mcclain Airlines Inc. ,Domestic
6712,Empire Airlines Inc. (1) ,Domestic
6716,Midway Airlines Inc. (1) ,Domestic
6719,New York Air Inc. ,Domestic
6720,Pacific Southwest Airlines ,Domestic
6721,Northern Air Cargo Inc. ,Domestic
6722,Pilgrim Aviation & Airlines ,Domestic
6723,T-Bird Air Inc. ,Domestic
6725,Southwest Airlines Co. ,Domestic
6726,T-Bird Air Inc. (System),NA
6727,Orion Air (System),NA
6728,Orion Air ,Domestic
6729,Champion Air ,Domestic
6730,North American Airlines ,Domestic
6733,Nations Air Express Inc. ,Domestic
6734,Sunworld International Airways Inc. ,Domestic
6736,Omni Air International LLC (System),NA
6737,National Airlines ,Domestic
6738,Omni Air International LLC ,Domestic
6740,Overseas National Airways (System),NA
6743,Pacific East Air Inc. ,Domestic
6745,Pacific Express ,Domestic
6746,Florida West Airlines Inc. (System),NA
6747,Florida West Airlines Inc. ,Domestic
6748,Carnival Air Lines Inc. ,Domestic
6749,Pan American Airways Corp. (System),NA
6750,People Express Airlines Inc. ,Domestic
6751,Carnival Air Lines Inc. (System),NA
6752,Pan American Airways Corp. ,Domestic
6753,Prestige Airways ,Domestic
6754,Patriot Airlines Inc. (System),NA
6755,Patriot Airlines Inc. ,Domestic
6756,Skyworld Airlines Inc. ,Domestic
6757,Trans World Airways LLC ,Domestic
6758,Polar Air Cargo Airways ,Domestic
6759,Presidential Airways Inc. ,Domestic
6761,Private Jet Expeditions (System),NA
6762,Private Jet Expeditions ,Domestic
6764,Pace Airlines (System),NA
6765,Pace Airlines ,Domestic
6766,Pan American World Airways ,Domestic
6767,Panagra Airways (System),NA
6768,Panagra Airways ,Domestic
6769,Pro Air Inc. ,Domestic
6770,Regent Air Corporation ,Domestic
6771,Renown Aviation (System),NA
6772,Renown Aviation ,Domestic
6773,Reliant Airlines (System),NA
6774,Kalitta Charters II ,Domestic
06774 (1),Reliant Airlines ,Domestic
6775,Reno Air Inc. ,Domestic
6776,Planet Airways ,Domestic
6777,Planet Airways (System),NA
6785,Royal West Airlines ,Domestic
6788,Royale Airlines Inc. ,Domestic
6789,Ryan International Airlines (System),NA
6790,Ryan International Airlines ,Domestic
6791,Ryan International Airlines ,Domestic
6792,Suncoast Airlines Inc. (System),NA
6793,Suncoast Airlines Inc. ,Domestic
6794,Sun Country Airlines d/b/a MN Airlines (System),NA
6795,Sun Country Airlines d/b/a MN Airlines ,Domestic
6796,Sun Pacific International (System),NA
6797,Sun Pacific International ,Domestic
6798,Sierra Pacific Airlines ,Domestic
6799,Sky Trek International Airlines (System),NA
6800,Skystar International Inc. (System),NA
6801,Skystar International Inc. ,Domestic
6802,Sky Trek International Airlines ,Domestic
6805,Skybus Inc. ,Domestic
6815,Ameristar Air Cargo (System),NA
6818,Ccair ,Domestic
6819,Seaborne Aviation ,Domestic
6820,Envoy Air ,Domestic
6824,Pacific International Airlines Inc. (System),NA
6825,Pacific International Airlines Inc. ,Domestic
6829,Rio Grande Air ,Domestic
6830,Spirit Air Lines ,Domestic
6840,Southern Air Inc. (System),NA
6841,Southern Air Inc. ,Domestic
6847,Sunrise Airlines Inc. ,Domestic
6850,Southeast Airlines ,Domestic
6852,Sunworld International Airlines (System),NA
6853,Sunworld International Airlines ,Domestic
6855,Tower Air Inc. ,Domestic
6860,Tatonduk Outfitters Limited d/b/a Everts Air Alaska and Everts Air Cargo ,Domestic
6870,The Hawaii Express Inc. ,Domestic
6879,Air America (System),NA
6880,Air America ,Domestic
6882,Sky Lease Cargo (System),NA
6883,TPI International Airways (System),NA
6884,Sky Lease Cargo ,Domestic
6885,TransMeridian Airlines (System),NA
6886,TransMeridian Airlines ,Domestic
6888,Silver Airways ,Domestic
6889,Trans-Air-Link Corporation (System),NA
6890,Trans-Air-Link Corporation ,Domestic
6891,Valley Air Express Inc. ,Domestic
6892,Trans American Charter (System),NA
6893,Trans American Charter ,Domestic
6894,Ozark Air Lines Inc. ,Domestic
6895,Express.Net Airlines (System),NA
6896,Express.Net Airlines ,Domestic
6898,Tristar Airlines Inc. ,Domestic
6899,Arizona Express ,Domestic
6900,Trans International Airlines Inc. (System),NA
6901,Friday Harbor Seaplanes ,Domestic
06901 (1),Trans International Airlines Inc. ,Domestic
6902,Ward Air ,Domestic
06902 (1),Trans Continental Airlines (System),NA
6903,Vintage Props & Jets Inc. ,Domestic
06903 (1),Trans Continental Airlines ,Domestic
6904,Trans States Airlines ,Domestic
6905,Tropical Airways Inc. (System),NA
6906,Tropical Airways Inc. ,Domestic
6907,USAir Shuttle ,Domestic
6908,UFS Inc. ,Domestic
6909,Skyway Airlines ,Domestic
6910,United Parcel Service ,Domestic
6911,Shuttle America Corp. ,Domestic
06911 (1),USA Jet Airlines Inc. (System),NA
6912,USA Jet Airlines Inc. ,Domestic
6913,Samoa Aviation Inc. ,Domestic
6914,Vanguard Airlines Inc. ,Domestic
6915,Universal Airlines Inc. (System),NA
6916,USAfrica Airways Inc. ,Domestic
6917,Potomac Air ,Domestic
06917 (1),Valujet Airlines Inc. ,Domestic
6918,Piedmont Airlines ,Domestic
06918 (1),Viscount Air Service Inc. (System),NA
6919,Viscount Air Service Inc. ,Domestic
6920,Pacific Island Aviation ,Domestic
06920 (1),Westair Airlines Inc. ,Domestic
6921,USA 3000 Airlines ,Domestic
6922,Western Pacific Airlines ,Domestic
6923,Northwest Seaplanes ,Domestic
6924,New England Airlines Inc. ,Domestic
6925,Nevis Express ,Domestic
06925 (1),Wilburs Inc. ,Domestic
6926,Mountain Bird/Salmon Air ,Domestic
6927,Kenmore Air Harbor ,Domestic
06927 (1),Winair Inc. ,Domestic
6929,World Airways Inc. (System),NA
6930,World Airways Inc. ,Domestic
6932,Great Lakes Airlines ,Domestic
6933,Grand Canyon Helicopters ,Domestic
6934,Freedom Air ,Domestic
6935,Flying Boat Inc. ,Domestic
6936,F.S. Air Service ,Domestic
6940,Ellis Air Taxi Inc. ,Domestic
06940 (1),Worldwide Airlines Inc. (System),NA
6941,Worldwide Airlines Inc. ,Domestic
6942,"Grand Canyon Airlines, Inc. d/b/a Grand Canyon Airlines d/b/a Scenic Airlines (Domest",NA
6943,"Regions Air, Inc. ",Domestic
6944,"Commutair Aka Champlain Enterprises, Inc. ",Domestic
6945,Worldwide Airlines Services (System),NA
6946,Worldwide Airlines Services ,Domestic
6947,Chautauqua Airlines Inc. ,Domestic
6951,Boston-Maine Airways ,Domestic
6953,Big Sky Airlines Inc. ,Domestic
6954,Bemidji Airlines ,Domestic
6955,Atlantic Coast Jet Inc. ,Domestic
6956,Independence Air ,Domestic
6957,Island Air Hawaii ,Domestic
6958,Allegheny Airlines ,Domestic
6959,Air-Serve ,Domestic
6961,Air St. Thomas ,Domestic
6962,Air Midwest Inc. ,Domestic
6963,Air Excursions LLC (1) ,Domestic
6964,Yute Air Aka Flight Alaska ,Domestic
6965,Wright Air Service ,Domestic
6966,"Seaport Airlines, Inc. ",Domestic
6967,Warbelow ,Domestic
6968,Venture Travel LLC d/b/a Taquan Air Service ,Domestic
6969,"Bidzy Ta Hot Aana, Inc. d/b/a Tanana Air Service ",Domestic
6970,Spernak Airways Inc. ,Domestic
6971,Smokey Bay Air Inc. ,Domestic
6972,Skagway Air Service ,Domestic
6973,"Dynamic Aviation, Inc. d/b/a Beacon ",Domestic
6974,Promech ,Domestic
6975,Peninsula Airways Inc. ,Domestic
6976,Olson Air Service ,Domestic
6977,Freedom Airlines d/b/a HP Expr ,Domestic
6978,Larrys Flying Service ,Domestic
6979,L.A.B. Flying Service Inc. ,Domestic
6980,Katmai Air ,Domestic
6981,Island Air Service ,Domestic
6982,Inland Aviation Services ,Domestic
6983,Iliamna Air Taxi ,Domestic
6984,Hageland Aviation Service ,Domestic
6985,Grant Aviation ,Domestic
6987,Frontier Flying Service ,Domestic
6989,Era Aviation ,Domestic
6990,Cape Smythe Air Service ,Domestic
6991,Village Aviation ,Domestic
6992,Bering Air Inc. ,Domestic
6993,Bellair Inc. (1) ,Domestic
6994,Baker Aviation Inc. ,Domestic
6995,Arctic Transportation ,Domestic
6996,Arctic Circle Air Service ,Domestic
6997,Kalinin Aviation LLC d/b/a Alaska Seaplanes ,Domestic
6999,40-Mile Air ,Domestic
7015,Air Midwest Inc. ,Domestic
7016,Florida Coastal Airlines ,Domestic
7018,Colgan Air ,Domestic
7019,Westward Airways Inc. ,Domestic
7020,Pacific Wings Airlines ,Domestic
7021,Cape Air ,Domestic
7022,NetJets Large Aircraft Company L.L.C. ,Domestic
7023,Vieques Air Link Inc. ,Domestic
7024,Endeavor Air Inc. ,Domestic
7025,Victory Air Transport Inc. ,Domestic
7027,Primaris Airlines Inc. ,Domestic
7028,PSA Airlines Inc. ,Domestic
7029,National Air Cargo Group Inc d/ba National Airlines ,Domestic
7030,Homer Air ,Domestic
7040,Sky West Aviation Inc. ,Domestic
7041,GoJet Airlines LLC d/b/a United Express ,Domestic
7050,MAXjet ,Domestic
7053,"Mn Aviation, Inc. ",Domestic
9320,Flying Tiger Line Inc. ,Domestic
9739,Airlift International Inc. (System),NA
9740,Airlift International Inc. ,Domestic
9749,Rich International Airways (System),NA
9750,Rich International Airways ,Domestic
9754,Flagship Express Services (System),NA
9755,Flagship Express Services ,Domestic
9786,Southern Air Transport Inc. ,Domestic
9790,Zantop International ,Domestic
0A050,American Airlines Inc. ,Domestic
0A285,Eastern Air Lines Inc. ,Domestic
0A845,Trans World Airways LLC ,Domestic
0A875,United Air Lines Inc. ,Domestic
10004,"Abaco Air, Ltd. ",International
10005,Challenge Air Luftverkehrs GmbH ,International
10025,Air Micronesia Inc. (Pacific),NA
10049,American Airlines Inc. (Atlantic),NA
10050,American Airlines Inc. (Latin America),NA
10052,American Airlines Inc. (Pacific),NA
10219,Continental Air Lines Inc. (Atlantic),NA
10220,Continental Air Lines Inc. (Latin America),NA
10221,Continental Air Lines Inc. (Pacific),NA
10260,Delta Air Lines Inc. (Latin America),NA
10261,Delta Air Lines Inc. (Atlantic),NA
10262,Delta Air Lines Inc. (Pacific),NA
10284,Eastern Air Lines Inc. (Atlantic),NA
10285,Eastern Air Lines Inc. (Latin America),NA
10600,Northwest Airlines Inc. (Pacific),NA
10601,Northwest Airlines Inc. (Atlantic),NA
10652,Pan American World Airways (1) (Atlantic),NA
10653,Pan American World Airways (1) (Latin America),NA
10654,Pan American World Airways (1) (Pacific),NA
10845,Trans World Airways LLC (Atlantic),NA
10847,Trans World Airways LLC (Latin America),NA
10874,United Air Lines Inc. (Atlantic),NA
10876,United Air Lines Inc. (Latin America),NA
10877,United Air Lines Inc. (Pacific),NA
10930,Western Air Lines Inc. (Latin America),NA
11005,"Cargo 360, Inc. (Pacific)",NA
11007,US Airways Inc. (Pacific),NA
11009,ABX Air Inc (Atlantic),NA
11010,Northwest Airlines Inc. (Latin America),NA
11015,Compass Airlines (Latin America),NA
11017,"Prescott Support Company, Inc. ",International
11018,ABX Air Inc (Pacific),NA
11019,"Dynamic Airways, LLC ",International
11020,Virgin America (Latin America),NA
11021,Vision Airlines (Latin America),NA
11022,Mesa Airlines Inc. (Latin America),NA
11023,Horizon Air (Latin America),NA
11024,Allegiant Air (Latin America),NA
11025,SkyWest Airlines Inc. (Latin America),NA
11026,Comair Inc. (Latin America),NA
11027,Endeavor Air Inc. (Latin America),NA
11029,Republic Airlines (Latin America),NA
11030,PSA Airlines Inc. (Latin America),NA
11033,Southwest Airlines Co. (Latin America),NA
11034,XTRA Airways (Latin America),NA
11035,Chautauqua Airlines Inc. (Atlantic),NA
11038,Republic Airlines (Atlantic),NA
11040,Lynden Air Cargo Airlines ,International
11041,Northern Air Cargo Inc. ,International
11042,Western Global ,International
11043,Orange Air ,International
11044,Songbird Airways Inc. ,International
11045,Eastern Airlines Group Inc. ,International
11046,"Jet Aviation Flight Services, Inc. ",International
11047,Elite Airways LLC ,International
11049,National Air Cargo Group Inc d/ba National Airlines ,International
11050,21 Air LLC ,International
11052,"Polaris Aviation Solutions, LLC ",International
11053,"Hillwood Airways, LLC  f/k/a   ATX Air Services, LLC ",International
12040,US Airways Inc. (Atlantic),NA
12041,US Airways Inc. (Latin America),NA
12120,Braniff Inc. (Latin America),NA
12680,Piedmont Aviation Inc. (Atlantic),NA
12681,Piedmont Aviation Inc. (Latin America),NA
15045,Aloha Airlines Inc. (Pacific),NA
15375,Hawaiian Airlines Inc. (Pacific),NA
16002,Aerial Transit Company (Latin America),NA
16006,Omega Air Holdings d/b/a Focus Air ,International
16008,Flight International ,International
16013,Aeron International Airlines Inc. ,International
16015,Air Florida Inc. (Atlantic),NA
16016,Air Florida Inc. (Latin America),NA
16018,Emery Worldwide Airlines ,International
16020,Airmark Corporation ,International
16025,Air National ,International
16027,Air Puerto Rico Airlines (Latin America),NA
16028,Air Transport International (Atlantic),NA
16029,Air Transport International ,International
16030,AirTran Airways Corporation (Latin America),NA
16031,Alaska Airlines Inc. (Latin America),NA
16034,All Star Airlines Inc. ,International
16038,UltrAir ,International
16039,Sky King Inc. ,International
16042,American International Airways Inc. ,International
16044,Aviation Concepts ,International
16048,America West Airlines Inc. (Latin America),NA
16049,America West Airlines Inc. (Pacific),NA
16052,Amerijet International (Latin America),NA
16054,Airmark Airlines Inc. ,International
16055,ATA Airlines d/b/a ATA ,International
16056,ATA Airlines d/b/a ATA (Atlantic),NA
16057,Ameristar Air Cargo ,International
16059,Arista International Airlines Inc. ,International
16061,Arrow Air Inc. (Latin America),NA
16070,Asia Pacific ,International
16076,"Caribbean Sun Airlines, Inc. d/b/a World Atlantic Airlines ",International
16080,Atlantic Gulf Airlines (Latin America),NA
16081,Aerodynamics Inc. d/b/a SkyValue d/b/a SkyValue Airways ,International
16085,ExpressJet Airlines Inc. (Latin America),NA
16087,Atlas Air Inc. ,International
16092,Av Atlantic ,International
16111,Blue Bell Inc. ,International
16136,Buffalo Airways Inc. ,International
16144,XTRA Airways ,International
16150,Capitol International Inc. (Atlantic),NA
16151,Capitol International Inc. (Latin America),NA
16160,Capitol Air Express Inc. ,International
16165,Capital Cargo International ,International
16170,"Astar USA, LLC (Atlantic)",NA
16171,"Astar USA, LLC (Latin America)",NA
16180,Centurion Cargo Inc. (Latin America),NA
16181,Challenge Air International Inc. (Latin America),NA
16182,Challenge Air Transport Inc. (Latin America),NA
16187,ExpressJet Airlines Inc. (1) (Latin America),NA
16189,Conner Air Lines Inc. ,International
16190,Conner Air Lines Inc. (Latin America),NA
16191,Kitty Hawk International ,International
16192,Continental Micronesia (Pacific),NA
16194,Executive Airlines (Latin America),NA
16195,Federal Express Corporation (Latin America),NA
16196,Federal Express Corporation (Atlantic),NA
16197,Federal Express Corporation (Pacific),NA
16198,Florida West Airlines Inc. ,International
16199,Florida Express Inc. (Latin America),NA
16201,Evergreen International Inc. ,International
16202,Galaxy Airlines Inc. ,International
16203,Global International Airways Corp. ,International
16204,Five Star Airlines ,International
16208,Evergreen International Inc. (Pacific),NA
16210,Guy-America Airways Inc. (Latin America),NA
16211,"EOS Airlines, Inc. (Atlantic)",NA
16212,Independent Air Inc. ,International
16230,Jet Charter Service Inc. ,International
16250,Jet Fleet Intl. Airlines ,International
16270,Eagle Airlines ,International
16280,Key Airlines Inc. ,International
16281,Key Airlines Inc. (Latin America),NA
16300,Empire Airlines Inc. ,International
16400,Falcon Air Express ,International
16451,Fine Airlines Inc. ,International
16460,Frontier Airlines Inc. ,International
16461,Frontier Airlines Inc. (Latin America),NA
16510,Gemini Air Cargo Airways (Pacific),NA
16561,Gulf Air Transport Inc. ,International
16565,Gulf And Caribbean Cargo ,International
16590,Interstate Airlines Inc. ,International
16620,International Cargo Xpress ,International
16640,Orion Air ,International
16650,Overseas National Airways ,International
16664,Carnival Air Lines Inc. (Latin America),NA
16665,Carnival Air Lines Inc. ,International
16670,People Express Airlines Inc. (Atlantic),NA
16673,JetBlue Airways (Latin America),NA
16675,Skyworld Airlines Inc. ,International
16681,Express One International Inc. ,International
16683,Kalitta Air LLC ,International
16688,Kitty Hawk Aircargo (Latin America),NA
16690,Miami Air International ,International
16695,Morris Air Corporation ,International
16697,Laker Airways Inc. ,International
16698,Lorair Ltd. ,International
16700,Ryan International Airlines ,International
16702,Millon Air Inc. ,International
16703,Samoa Airlines Inc. (Pacific),NA
16710,T-Bird Air Inc. ,International
16713,Skystar International Inc. (Latin America),NA
16715,South Pacific Island Airway (Pacific),NA
16716,Midway Airlines Inc. (1) (Latin America),NA
16729,Champion Air ,International
16730,North American Airlines (Latin America),NA
16736,Omni Air International LLC ,International
16749,Pan American Airways Corp. (Latin America),NA
16752,Pan American Airways Corp. ,International
16755,Patriot Airlines Inc. ,International
16757,Polar Air Cargo Airways (Atlantic),NA
16758,Polar Air Cargo Airways (Pacific),NA
16759,Polar Air Cargo Airways (Latin America),NA
16760,Trans World Airways LLC (Atlantic),NA
16762,Private Jet Expeditions ,International
16765,Pace Airlines ,International
16766,Pan American World Airways (Latin America),NA
16768,Panagra Airways ,International
16770,Kalitta Charters II ,International
16770 (1),Reliant Airlines ,International
16772,Renown Aviation ,International
16776,Planet Airways ,International
16777,Planet Airways (Latin America),NA
16790,Ryan International Airlines ,International
16792,Sky Trek International Airlines ,International
16793,Suncoast Airlines Inc. ,International
16795,Sun Country Airlines d/b/a MN Airlines (Latin America),NA
16797,Sun Pacific International ,International
16820,Envoy Air (Latin America),NA
16825,Pacific International Airlines Inc. ,International
16831,Spirit Air Lines (Latin America),NA
16841,Southern Air Inc. ,International
16853,Sunworld International Airlines ,International
16875,Air America ,International
16876,Air America (Atlantic),NA
16880,Tower Air Inc. (Atlantic),NA
16881,Tower Air Inc. (Latin America),NA
16883,TPI International Airways ,International
16884,Sky Lease Cargo ,International
16886,TransMeridian Airlines ,International
16890,Trans-Air-Link Corporation ,International
16893,Trans American Charter ,International
16896,Express.Net Airlines ,International
16901,Trans International Airlines Inc. ,International
16903,Trans Continental Airlines ,International
16907,USAir Shuttle (Latin America),NA
16910,United Parcel Service ,International
16911,United Parcel Service (Atlantic),NA
16912,United Parcel Service (Latin America),NA
16913,United Parcel Service (Pacific),NA
16915,Universal Airlines Inc. ,International
16916,USAfrica Airways Inc. (Atlantic),NA
16917,USA Jet Airlines Inc. ,International
16919,Viscount Air Service Inc. ,International
16921,USA 3000 Airlines ,International
16927,Winair Inc. ,International
16930,World Airways Inc. (Atlantic),NA
16931,World Airways Inc. ,International
16932,World Airways Inc. ,International
16941,Worldwide Airlines Inc. ,International
16946,Worldwide Airlines Services ,International
16947,Worldwide Airlines Services (Latin America),NA
16950,Wrangler Aviation Inc. ,International
16951,Boston-Maine Airways ,International
17022,NetJets Large Aircraft Company L.L.C. ,International
17027,Primaris Airlines Inc. ,International
17050,MAXjet (Atlantic),NA
17051,MAXjet (Latin America),NA
19321,Flying Tiger Line Inc. (Pacific),NA
19322,Flying Tiger Line Inc. (Atlantic),NA
19323,Flying Tiger Line Inc. (Latin America),NA
19741,Airlift International Inc. ,International
19752,Rich International Airways ,International
19755,Flagship Express Services ,International
19756,Flagship Express Services (Atlantic),NA
19757,Flagship Express Services (Pacific),NA
19765,Southern Air Transport Inc. ,International
19767,Southern Air Transport Inc. (Pacific),NA
30005,Air Sunshine Inc. ,Domestic
30012,Aeromech Inc. ,Domestic
30013,Air New Mexico ,Domestic
30018,Air Caribbean ,Domestic
30022,Air Carolina ,Domestic
30047,Air Illinois Inc. ,Domestic
30072,Air Mont. Inc. ,Domestic
30075,Air Midwest Inc. ,Domestic
30089,Metro Air Northeast Vermont ,Domestic
30090,Airpac Inc. ,Domestic
30124,Air Wisconsin Airlines Corp ,Domestic
30126,Alaska Aeronautical Indust. ,Domestic
30131,Alaska Island Air Inc. ,Domestic
30139,Brandt Air ,Domestic
30145,All Island Air ,Domestic
30153,Alpine Air Services Inc. ,Domestic
30159,Altair Airlines Inc. ,Domestic
30187,Amistad Airlines ,Domestic
30201,Antilles Air Boats Inc. ,Domestic
30208,Gelco Courier Services Inc. ,Domestic
30215,Pacific Coast Airlines ,Domestic
30217,Appalachian Flying Service ,Domestic
30228,Arnold Aviation ,Domestic
30237,Astro Airways ,Domestic
30243,Southern Jersey Airways ,Domestic
30251,Aviation Services ,Domestic
30254,Air Rovers Inc. ,Domestic
30258,Bar Harbor Airways ,Domestic
30260,Blackhawk Airways Inc. ,Domestic
30262,Sun Aire Lines ,Domestic
30266,Brower Airways Inc. ,Domestic
30275,Burlington Airways Inc. ,Domestic
30278,Business Aircraft Corp. ,Domestic
30284,Charter Airlines ,Domestic
30287,Capitol Air Lines ,Domestic
30297,Caribbean Air Services Inc. ,Domestic
30312,Cascade Airways Inc. ,Domestic
30321,Catalina-Vegas Airlines ,Domestic
30323,Catalina Airlines Inc. ,Domestic
30327,Catskill Airways Inc. ,Domestic
30332,Flying Boat Inc. ,Domestic
30336,Chitina Air Service ,Domestic
30337,Cochise Airlines Inc. ,Domestic
30338,Chautauqua Airlines Inc. ,Domestic
30339,Southeastern Commuter ,Domestic
30342,Presidential Express ,Domestic
30352,Command Airways Inc. ,Domestic
30353,Inlet Airlines ,Domestic
30357,Commuter Airlines ,Domestic
30362,Corporate Air Inc. ,Domestic
30372,Crown Airways Inc. ,Domestic
30382,Cumberland Airlines ,Domestic
30394,Crown Air ,Domestic
30397,Downeast Airlines Inc. ,Domestic
30402,Eastern Caribbean Airways ,Domestic
30410,Empire Airlines Inc. (2) ,Domestic
30411,Columbia Pacific Airlines (1) ,Domestic
30412,Air Pacific Inc. ,Domestic
30426,Scheduled Skyways ,Domestic
30438,Florida Airlines Inc. ,Domestic
30446,Air North/Nenana ,Domestic
30447,Foster Aviation ,Domestic
30449,Frontier Flying Service ,Domestic
30450,Midway Commuter ,Domestic
30453,General Aviation Inc. ,Domestic
30474,Golden West Airlines Co. ,Domestic
30475,Grand Canyon Airlines ,Domestic
30477,Isle Royale Seaplane Serv. ,Domestic
30484,Gull Air Inc. ,Domestic
30491,Piedmont Airlines ,Domestic
30495,Trans-National Airlines Haw ,Domestic
30496,Iowa Airlines ,Domestic
30497,Skystream Airlines ,Domestic
30498,Iliamna Air Taxi ,Domestic
30500,Imperial Airlines Inc. ,Domestic
30501,Heussler Air Service Corp ,Domestic
30502,Hyannis Aviation ,Domestic
30528,Key Airlines ,Domestic
30533,Havasu Airlines ,Domestic
30541,Lawrence Aviation ,Domestic
30546,Mesaba Airlines ,Domestic
30550,Mackey International Inc. ,Domestic
30552,Marco Island Airways Inc. ,Domestic
30554,Mcphillips Flying Service ,Domestic
30560,Midstate Airlines Inc. ,Domestic
30561,Metroflight Airlines ,Domestic
30564,Merrimack Aviation Inc. ,Domestic
30567,Aero Commuter ,Domestic
30580,Mississippi Valley Airlines ,Domestic
30590,Ocean Airways Inc. ,Domestic
30595,Long Island Airlines ,Domestic
30604,National Air Commuter Inc. ,Domestic
30608,New England Airlines Inc. ,Domestic
30609,New Born Wings Inc. ,Domestic
30610,Nevada Airlines ,Domestic
30614,E. J. A. Newport Inc. ,Domestic
30616,Northaire ,Domestic
30623,Harbor Airlines Inc. ,Domestic
30627,Allegheny Airlines ,Domestic
30628,Pearson Aircraft ,Domestic
30629,Air Kentucky Air Lines ,Domestic
30641,Phillips Airlines ,Domestic
30643,Air Pennsylvania ,Domestic
30645,Pilgrim Aviation & Airlines ,Domestic
30649,Pocono Airlines Inc. ,Domestic
30653,Polar Airways Inc. ,Domestic
30655,Precision Valley Aviation ,Domestic
30657,Puerto Rico Intl Airlines ,Domestic
30661,Provincetown Boston ,Domestic
30664,Riverside Air Service ,Domestic
30670,Pan Am Express ,Domestic
30674,Suburban Airlines ,Domestic
30676,Mid-South Aviation Inc. (1) ,Domestic
30678,Rio Airways Inc. ,Domestic
30682,Rocky Mountain Airways Inc. ,Domestic
30686,Ross Aviation Inc. ,Domestic
30690,Royale Airlines Inc. ,Domestic
30694,Royal Hawaiian Airways Inc. ,Domestic
30705,San Juan Airlines Inc. ,Domestic
30709,Seaplane Shuttle Transport ,Domestic
30710,Scenic Airlines Inc. ,Domestic
30715,Sedalia Marshall Boonvl Stg ,Domestic
30720,Semo Aviation Inc. ,Domestic
30725,Shasta Air Inc. ,Domestic
30735,Shawnee Airlines ,Domestic
30754,Island Airlines ,Domestic
30755,Skyway Aviation Inc. ,Domestic
30757,SkyWest Airlines Inc. ,Domestic
30766,South Pacific Island Airway ,Domestic
30767,Mall Airways Inc. ,Domestic
30770,Southeast Airlines Inc. ,Domestic
30771,Sterling Air Service ,Domestic
30779,Star Aviation Corporation ,Domestic
30780,Air America Inc. ,Domestic
30784,Westair Airlines Inc. ,Domestic
30786,Springfield Air Service ,Domestic
30795,Swift Aire Lines Inc. ,Domestic
30815,Trans Mo Airlines ,Domestic
30845,Sierra Pacific Airlines ,Domestic
30856,Great Plains Airlines Inc. ,Domestic
30859,Temsco Airlines ,Domestic
30861,Associated Aviation Act. ,Domestic
30876,Air St. Thomas ,Domestic
30885,Britt Airlines Inc. ,Domestic
30890,Vieques Air Link Inc. ,Domestic
30911,Southeast Alaska Airlines ,Domestic
30912,40-Mile Air ,Domestic
30920,Winnipesaukee Aviation Inc. ,Domestic
30921,Wheeler Airlines ,Domestic
37612,Sundance Airlines ,Domestic
37626,Peninsula Airways Inc. ,Domestic
37632,Hensley Flying Service Inc. ,Domestic
37633,ExpressJet Airlines Inc. (1) ,Domestic
37635,Chaparral Airlines Inc. ,Domestic
37637,Trans Western Airlines Utah ,Domestic
37652,Air Central Inc. (1) ,Domestic
37653,Flamenco Airways Inc. ,Domestic
37656,Air Nebraska Inc. ,Domestic
37658,Eagle Commuter Airlines Inc. ,Domestic
37666,Trans Southern Airways ,Domestic
37667,Aero Virgin Islands Corp. ,Domestic
37669,Baja Cortez Airlines ,Domestic
37670,Pacific Island Airways ,Domestic
37671,Comair Inc. ,Domestic
37672,Crown Aviaiton Inc. ,Domestic
37676,Pioneer Airways ,Domestic
37677,Air U.S. ,Domestic
37678,Skycraft Inc. ,Domestic
37680,Alaska Central Airways Inc. ,Domestic
37681,Air Oregon ,Domestic
37682,Soonair Lines Inc. ,Domestic
37684,Miller Air Transportersinc ,Domestic
37689,Hammonds Commuter Air Serv. ,Domestic
37690,Shavano Air Inc. ,Domestic
37691,Wings Airways ,Domestic
37692,Ede Aire ,Domestic
37694,The Maui Commuter ,Domestic
37696,Crested Butte Air Service ,Domestic
37697,Indiana Airways Inc. (Reid ,Domestic
37699,Yosemite Airlines Inc. ,Domestic
37700,AAA Airlines ,Domestic
37701,Island Airlines Hawaii Inc. ,Domestic
37702,Pacific Missionary Aviation ,Domestic
37703,Air Express Inc. ,Domestic
37704,Coastal Plains Commuter Inc. ,Domestic
37707,Cosmopolitan Comm. Airline ,Domestic
37708,Christman Air System ,Domestic
37709,Century Airlines ,Domestic
37710,Airways Of New Mexico Inc. ,Domestic
37711,Bankair Inc. ,Domestic
37712,Nor East Commuter Airlines ,Domestic
37713,Tejas Airlines Inc. ,Domestic
37714,Seaco Airlines Inc. ,Domestic
37715,Trans Pennsylvania Airlines ,Domestic
37717,Princeton Aviation Corp ,Domestic
37718,Lake State Airways ,Domestic
37722,Freedom Air ,Domestic
37723,Las Vegas Airlines ,Domestic
37724,Argosy Air Lines Inc. ,Domestic
37726,Central States Airline ,Domestic
37729,Trans Catalina Airlines ,Domestic
37730,Ford-Aire Inc. ,Domestic
37731,Air Cargo Enterprises Inc. ,Domestic
37734,Oceanair Line ,Domestic
37735,Valley Airlines ,Domestic
37736,Indo-Pacific International ,Domestic
37738,Saber Aviation Inc. ,Domestic
37739,Newair Flight Inc. ,Domestic
37740,Air Atlantic Airlines Inc. ,Domestic
37741,Universal Airways Inc. ,Domestic
37743,Coleman Air Transport ,Domestic
37744,Air Central Inc. ,Domestic
37745,Green Hills Aviation Ltd. ,Domestic
37747,Airbama Incorporated ,Domestic
37748,Inland Empire Airlines Inc. ,Domestic
37749,Big Sky Airlines Inc. ,Domestic
37750,Arkansas Traveler Airline ,Domestic
37751,East. Indiana Aviation Sale ,Domestic
37752,North American Airlines Inc. ,Domestic
37753,Indiana Airways Inc. (Pa) ,Domestic
37757,Aerotransit Inc. ,Domestic
37758,Eagle Airlines (1) ,Domestic
37759,Tennessee Airways Inc. ,Domestic
37760,Golden Gate Airlines Inc. ,Domestic
37761,Wisc Air ,Domestic
37762,Channel Flying Inc. ,Domestic
37763,Emerald Airlines ,Domestic
37765,Air Indiana ,Domestic
37766,Mountainwest Airlines ,Domestic
37767,Sunbelt Airlines Inc. ,Domestic
37768,Bremerton Aviation Inc. ,Domestic
37769,Golden South Airlines Inc. ,Domestic
37770,Executive Four Winds ,Domestic
37772,American Inter-Island Inc. ,Domestic
37773,Cothron Aviation ,Domestic
37774,Hawking Corporation ,Domestic
37775,Envoy Air ,Domestic
37777,Sierra Flite Service Inc. ,Domestic
37778,East Hampton Aire Inc. ,Domestic
37780,ExpressJet Airlines Inc. ,Domestic
37781,Far West Airlines ,Domestic
37782,Alamo Commuter Airlines ,Domestic
37783,Iowa City Flying Service ,Domestic
37784,Air Virginia ,Domestic
37785,C & M Airlines ,Domestic
37786,Marshall's Air Inc. ,Domestic
37787,Holiday Airlines Inc. ,Domestic
37788,Desert Pacific Airways ,Domestic
37789,Atlantis Airlines Inc. ,Domestic
37790,Green Mountain Airlines Ltd. ,Domestic
37792,Century Airlines (Cal) ,Domestic
37793,Air Bahia ,Domestic
37794,Gunnel Aviation Inc. ,Domestic
37795,Tulsair Beechcraft Inc. ,Domestic
37796,Cape Smythe Air Service ,Domestic
37797,Sunbelt ,Domestic
37798,Knight Airlines Inc. ,Domestic
37799,Vale International Airlines ,Domestic
37800,Royal-Air Ltd. ,Domestic
37801,Courtesy Air Service Inc. ,Domestic
37802,Bas Airlines ,Domestic
37803,Ccair ,Domestic
37804,Permian Airways Inc. ,Domestic
37806,Commutair ,Domestic
37807,Pacific Wings Airlines ,Domestic
37808,Air East Airlines ,Domestic
37809,Transtate Aviation ,Domestic
37810,Realwest Airlines ,Domestic
37812,Decatur Aviation ,Domestic
37813,Crawford Aviation Inc. ,Domestic
37814,Desert Pacific Airlines Inc. ,Domestic
37815,Metroplex Airlines ,Domestic
37816,N. J. Merrimack Airlines ,Domestic
37817,Seair Alaska Airlines Inc. ,Domestic
37818,Brennan & Hargreaves Inc. ,Domestic
37819,Bard-Air Corp. ,Domestic
37820,Skyline Airlines ,Domestic
37821,Asap Air Inc. ,Domestic
37823,Young Flying Service ,Domestic
37824,South Coast Airways ,Domestic
37826,Bennington Aviation Inc. ,Domestic
37828,Michigan Airways Inc. ,Domestic
37829,Magum Airlines ,Domestic
37830,Freedom Airlines Inc. ,Domestic
37831,Coral Air Inc. ,Domestic
37832,Metro Air Northeast N Y ,Domestic
37833,Ponderosa Aviation Inc. ,Domestic
37834,Idee Industries Inc. ,Domestic
37835,Aerosun International Airlines Inc. ,Domestic
37836,Air Hawaii ,Domestic
37837,Trans-Central Airlines Inc. ,Domestic
37838,Jer-Don Air ,Domestic
37839,Roederer Aviation Inc. ,Domestic
37840,Empire Aero Service ,Domestic
37841,Northern Eagle Airways Inc. ,Domestic
37843,Will's Air ,Domestic
37844,Beyer Aviation ,Domestic
37845,Maxair Inc. ,Domestic
37846,Walker's International ,Domestic
37847,Trans Sierra Airlines Inc. ,Domestic
37848,Air Chico ,Domestic
37849,Wings West Airlines ,Domestic
37851,Eastern Carolina Aviation ,Domestic
37852,Copper State Airlines ,Domestic
37853,Desert Airlines ,Domestic
37854,Omak Aviation Airlines ,Domestic
37855,Southern Seaplane ,Domestic
37856,Golden Carriage Aire ,Domestic
37857,Trans Air Inc. ,Domestic
37859,Bighorn Airways Inc. ,Domestic
37860,Skyfreight ,Domestic
37864,Sun Valley Airlines ,Domestic
37865,Executive Aviation Inc. ,Domestic
37866,Sfo Helicopter Airlines Inc. ,Domestic
37867,Gromer Aviation Inc. ,Domestic
37868,American Central Airlines ,Domestic
37870,Air Colorado ,Domestic
37871,Stahmannfarms Inc. ,Domestic
37872,Chandler Flyer ,Domestic
37873,Lakeland Aviation ,Domestic
37874,American Flag Airlines Inc. ,Domestic
37875,Sun International Airways ,Domestic
37876,P.S. Air Freight Inc. ,Domestic
37879,Dickman Aviation Services ,Domestic
37880,Coker Aviation Inc. ,Domestic
37881,Western Star Airlines Inc. ,Domestic
37882,Danbury Airlines ,Domestic
37883,Midway Aviation Inc. ,Domestic
37884,PSA Airlines Inc. ,Domestic
37885,AAA-Action Air Carrier Inc. ,Domestic
37886,All Seasons Air Pacific ,Domestic
37887,Sunbird Inc. ,Domestic
37888,Orion Air Inc. ,Domestic
37889,Mid Pacific Airlines Inc. ,Domestic
37891,Omaha Aviation ,Domestic
37892,Air Americana ,Domestic
37893,Omni Pacific Airline ,Domestic
37895,Valdez Airlines ,Domestic
37897,Sunwest Airlines ,Domestic
37898,Viking Express ,Domestic
37899,Southcentral Air Inc. ,Domestic
37901,Federal Armored Service Inc. ,Domestic
37903,Western Charter Inc. ,Domestic
37904,Ocean Reef Airways Inc. ,Domestic
37905,Pacific National Airways ,Domestic
37907,Birchwood Air Service ,Domestic
37908,Carriba Air Inc. ,Domestic
37909,Offshore Logistics ,Domestic
37910,Air-Lift Associates Inc. ,Domestic
37911,New York Helicopter Corp. ,Domestic
37912,Terre Haute Air Commuter ,Domestic
37913,Silver State Airlines ,Domestic
37914,Southern Airlines Inc. ,Domestic
37915,Astec Air East Inc. ,Domestic
37916,Cotton Belt Aviation Inc. ,Domestic
37917,Royal American Airways Inc. ,Domestic
37918,Stopher Mechanical Inc. ,Domestic
37919,DHL Airlines Inc. ,Domestic
37920,Island Air Hawaii ,Domestic
37921,Richardson Aviation ,Domestic
37922,Thorson Aviation ,Domestic
37923,Boise Air Service ,Domestic
37925,Samoan Airlines Inc. ,Domestic
37926,Planes Inc. ,Domestic
37927,Trans California Airlines ,Domestic
37928,Sierra Express Inc. ,Domestic
37929,Air Polynesia Inc. ,Domestic
37930,Bellair Inc. (1) ,Domestic
37931,Erie Airways Inc. ,Domestic
37932,Phoenix Airlines ,Domestic
37933,Air Cargo America Inc. ,Domestic
37934,Pro Air Services ,Domestic
37935,Air Cortez International ,Domestic
37936,Piasa Commuter Airlines ,Domestic
37937,Cen-Tex Airlines Inc. ,Domestic
37938,Arizona Aero Corp. ,Domestic
37939,Vagabond Aviation Inc. ,Domestic
37940,Arizona Pacific Inc. ,Domestic
37941,Trans-Colorado Airlines ,Domestic
37942,Aeronaves Boringuena Inc. ,Domestic
37943,Cal Sierra Airlines ,Domestic
37944,Air Cargo Express Inc. ,Domestic
37946,Lancer Aviation Inc. ,Domestic
37948,Air Vectors Airways ,Domestic
37949,Midwest Aviation ,Domestic
37950,Trans New York ,Domestic
37951,Metro Airlines ,Domestic
37952,Trans East International ,Domestic
37953,Air Chaparral Inc. ,Domestic
37954,Pompano Airways ,Domestic
37955,Sajen Air Inc. ,Domestic
37956,Arrowhead Airways Inc. ,Domestic
37957,Choi Aviation Inc. ,Domestic
37958,Mid Continental Airlines In ,Domestic
37959,Petro Aviation Corp. ,Domestic
37960,Horizon Air ,Domestic
37961,Evanston Aviation ,Domestic
37962,Trans Air Cargo Inc. ,Domestic
37963,Altus Airlines ,Domestic
37964,Atlantic Air ,Domestic
37965,Northern Star ,Domestic
37966,Aero International Airlines ,Domestic
37967,Centennial Airlines ,Domestic
37968,Skytrain ,Domestic
37969,Pacific Cal Air ,Domestic
37970,State Airlines Inc. ,Domestic
37971,Dauphin Island Airways ,Domestic
37972,Golden Pacific Airlines ,Domestic
37973,Devoe Airlines ,Domestic
37974,Air Molakai ,Domestic
37975,Dolphin Airways Inc. ,Domestic
37976,Bemidji Airlines ,Domestic
37977,Mission Air ,Domestic
37978,Air New Orleans ,Domestic
37979,Air South (1) ,Domestic
37980,Atlanta Express ,Domestic
37981,Williams Air Inc. ,Domestic
37982,Royal West Airways Inc. ,Domestic
37983,Slocum Air Inc. ,Domestic
37984,Air Vermont Inc. ,Domestic
37985,Air East Of Delaware Inc. ,Domestic
37986,National Florida Airlines ,Domestic
37987,Virgin Islands Seaplane ,Domestic
37988,Friendship Air Alaska ,Domestic
37989,Minuteman Aviation Inc. ,Domestic
37990,Northern Airlines Inc. ,Domestic
37991,Aspen Airways Inc. ,Domestic
37992,Desert Sun Airlines ,Domestic
37993,Burlington Aeroplane Co. ,Domestic
37994,Wright Airlines Inc. ,Domestic
37996,Great Lakes Airlines ,Domestic
37997,Kodiak Airways Inc. ,Domestic
37998,Air Resorts Airlines ,Domestic
37999,Manu'a Air Transport ,Domestic
38000,Service Aviation Inc. ,Domestic
38001,Sundorph Aeronautical Corp. ,Domestic
38002,"Seaport Airlines, Inc. ",Domestic
38003,Dash Air Corporation ,Domestic
38004,National Commuter Airlines ,Domestic
38005,Lake Union Air Service ,Domestic
38006,Waring Air ,Domestic
38007,Audi Air Inc. ,Domestic
38008,Eastman Airways Inc. ,Domestic
38009,Era Aviation ,Domestic
38010,Arcata Flying Service ,Domestic
38011,Trans States Airlines ,Domestic
38012,Markair Express ,Domestic
38014,Spirit Helicopter ,Domestic
38015,The Time Machine ,Domestic
38016,Mid-Atlantic Exp. Airlines ,Domestic
38017,Arctic Transportation ,Domestic
38018,Panorama Air Tours ,Domestic
38019,Executive Charter ,Domestic
38020,Air Sedona ,Domestic
38021,Airmarc Airlines Inc. ,Domestic
38022,Tri-State Airlines Inc. ,Domestic
38023,Southern Airways ,Domestic
38024,Atlantic Gulf Airlines ,Domestic
38025,Grand Canyon Helicopters ,Domestic
38026,Aviation Associates ,Domestic
38027,Caribbean Express Inc. ,Domestic
38028,Americair Inc. ,Domestic
38029,Mesa Airlines Inc. ,Domestic
38030,Silver Kris Services Ltd. ,Domestic
38031,Alpine Air ,Domestic
38032,Empire Airlines Inc. ,Domestic
38033,Airspur Helicopters Inc. ,Domestic
38034,Ellis Air Taxi Inc. ,Domestic
38035,Resort Airlines Inc. ,Domestic
38036,Baker Aviation Inc. ,Domestic
38037,Westflight Aviation ,Domestic
38038,Metro Express ,Domestic
38039,"Bidzy Ta Hot Aana, Inc. d/b/a Tanana Air Service ",Domestic
38040,Air Spirit Inc. ,Domestic
38041,Frontier Commuter ,Domestic
38042,Trump Air ,Domestic
38043,Flirite Inc. ,Domestic
38044,Talarik Creek Air Taxi ,Domestic
38045,Arctic Circle Air Service ,Domestic
38046,North Pacific Airlines Inc. ,Domestic
38047,Chisum Flying Service ,Domestic
38048,Armstrong Air Service Inc. ,Domestic
38049,Wilburs Inc. ,Domestic
38050,Alpha Air ,Domestic
38051,Wise Airlines Inc. ,Domestic
38052,Jetaire Airlines Inc. ,Domestic
38053,Bering Air Inc. ,Domestic
38054,Harbor Air Service ,Domestic
38055,Jet Express ,Domestic
38056,Westates Airlines ,Domestic
38057,Barken International ,Domestic
38058,Hawaii Pacific Helicopters ,Domestic
38059,Omniflight Airways ,Domestic
38060,Otter Air ,Domestic
38061,La Skycab Airline ,Domestic
38062,Cresent Medivac ,Domestic
38063,Astor Air ,Domestic
38064,Turner Aire ,Domestic
38065,Alliance Airlines ,Domestic
38066,Wrangell Air Service ,Domestic
38067,California Seaboard ,Domestic
38068,West Penn Commuter ,Domestic
38069,National Air ,Domestic
38070,Coastal Air Transport ,Domestic
38071,Eagle Airline ,Domestic
38072,Southern Express Airways ,Domestic
38073,Business Express Airlines ,Domestic
38074,Commuter Airlines (Ca) ,Domestic
38075,Island Air Express ,Domestic
38076,Executive Airlines ,Domestic
38077,Sallee's Aviation ,Domestic
38078,Exec Express ,Domestic
38079,AAR Western Skyways ,Domestic
38080,AvAir ,Domestic
38081,Enterprise Airlines Inc. ,Domestic
38082,Prime Air Inc. ,Domestic
38083,Kenmore Air Harbor ,Domestic
38084,Endeavor Air Inc. ,Domestic
38085,King Flying Service ,Domestic
38086,Bay Air ,Domestic
38087,Barrow Air ,Domestic
38088,Resort Commuter ,Domestic
38089,GP Express Airlines ,Domestic
38090,Texas National Airlines ,Domestic
38091,Mountain West Airlines ,Domestic
38092,Village Aviation ,Domestic
38093,Cityhop ,Domestic
38094,Big Island Air ,Domestic
38095,Metro Express 11 ,Domestic
38096,Golden State Airlines ,Domestic
38097,Action Airlines ,Domestic
38098,Iowa Airways ,Domestic
38099,Wright Air Service ,Domestic
38100,Polar International ,Domestic
38101,Air Puerto Rico Airlines ,Domestic
38102,Million Air ,Domestic
38103,Omniflight Helicopters ,Domestic
38104,La Helicopter ,Domestic
38105,Reeves Air ,Domestic
38106,Helitrans ,Domestic
38107,Air Link Airways ,Domestic
38108,Air L.A. ,Domestic
38109,Larrys Flying Service ,Domestic
38110,Stateswest Airlines ,Domestic
38111,Maui Airlines ,Domestic
38112,Chicago Airlines ,Domestic
38113,Airways International ,Domestic
38114,Aero Coach ,Domestic
38115,Hageland Aviation Service ,Domestic
38116,Galena Air Service ,Domestic
38117,Propheter Aviation ,Domestic
38119,Executive Transport ,Domestic
38120,Haines Airways ,Domestic
38121,Air Cape ,Domestic
38122,Mst Aviation ,Domestic
38123,Midcontinent Airlines ,Domestic
38124,Lake Coastal ,Domestic
38125,Tatonduk Outfitters Limited d/b/a Everts Air Alaska and Everts Air Cargo ,Domestic
38126,Olson Air Service ,Domestic
38127,Helitac Aviation ,Domestic
38128,Air South ,Domestic
38129,East Coast Airways ,Domestic
38130,Tropical Helicopter Airways ,Domestic
38131,Bangor International Air ,Domestic
38132,Hub Express ,Domestic
38133,Chester County Aviation ,Domestic
38134,Air Caribe International ,Domestic
38135,Custom Air Service ,Domestic
38136,Seagull Air Service ,Domestic
38137,Npa Inc. ,Domestic
38138,Nasville Eagle ,Domestic
38139,Sportsman Flying Service ,Domestic
38140,Aleutian Air ,Domestic
38141,Qwest Commuter ,Domestic
38142,Taquan Air Service ,Domestic
38143,Exec Express II ,Domestic
38144,GCS Air Service ,Domestic
38145,Tri Air Freight ,Domestic
38146,Chartair ,Domestic
38147,Laredo Air ,Domestic
38148,Skagway Air Service ,Domestic
38149,Ketchikan Air Service ,Domestic
38151,Airlift International ,Domestic
38152,Pacair ,Domestic
38153,Wra Inc. ,Domestic
38154,Alaska Central Express ,Domestic
38156,Samoa Aviation Inc. ,Domestic
38157,Springdale Air ,Domestic
38158,Manhattan Express ,Domestic
38159,Grand Airways Inc. ,Domestic
38160,Aero Freight ,Domestic
38161,Welch Aviation ,Domestic
38162,Panama Aviation ,Domestic
38163,Cape Air ,Domestic
38164,"Commutair Aka Champlain Enterprises, Inc. ",Domestic
38165,Heritage Airlines ,Domestic
38166,Skymaster ,Domestic
38167,Columbia Pacific Airlines ,Domestic
38168,Central States Air Lines ,Domestic
38169,Mid Pacific Air Corp. ,Domestic
38170,Mohawk Airlines ,Domestic
38171,Trans Air (Hawaii) ,Domestic
38172,Air Southeast ,Domestic
38173,Conquest Airline Corp. ,Domestic
38174,California Air Shuttle ,Domestic
38175,Scott Aviation ,Domestic
38176,Skyway Airlines ,Domestic
38177,Northcoast Executive ,Domestic
38178,Friday Harbor Seaplanes ,Domestic
38179,Gulf Air Taxi ,Domestic
38180,Gulf Flite Center ,Domestic
38181,Corporate Air ,Domestic
38182,Lapsa ,Domestic
38183,Valley Air Services ,Domestic
38184,Drummond Island Air ,Domestic
38185,Sunrise Airlines Inc. ,Domestic
38186,Northeast Express Regional (1) ,Domestic
38187,L'Express ,Domestic
38188,Travelair ,Domestic
38189,Star Aviation ,Domestic
38190,Territorial Airlines ,Domestic
38191,Silver Airways ,Domestic
38192,Flying Boat ,Domestic
38193,Loken Aviation ,Domestic
38194,Dawn Air ,Domestic
38195,Charter One ,Domestic
38197,Great Western Aviation ,Domestic
38198,Chicago Air Taxi ,Domestic
38199,Allied Airlines ,Domestic
38200,Redwing Airways ,Domestic
38201,Dulles Express ,Domestic
38202,Paradise Island Airlines ,Domestic
38203,Airvantage ,Domestic
38204,Sea Air Shuttle ,Domestic
38205,Adirondack Airlines ,Domestic
38206,Skybus Express Airlines ,Domestic
38207,Flagship Airlines Inc. ,Domestic
38208,Rocky Mountain Helicopters ,Domestic
38209,Sierra Nevada Airways ,Domestic
38210,Island Express ,Domestic
38211,Colgan Air ,Domestic
38212,Arizona Pacific Airways ,Domestic
38213,Air South Inc. ,Domestic
38215,F.S. Air Service ,Domestic
38216,Pacific Island Aviation ,Domestic
38217,Air Alpha ,Domestic
38218,Alliance Air ,Domestic
38219,Independence Air ,Domestic
38220,Trans World Express ,Domestic
38221,Keene Airways ,Domestic
38222,Arizona Airways ,Domestic
38223,Florida Air ,Domestic
38224,Northeast Express Regional ,Domestic
38225,Sky One Express ,Domestic
38226,Air West Airlines ,Domestic
38227,Rader Aviation ,Domestic
38228,Advantage Airlines ,Domestic
38229,Ram Aviation ,Domestic
38230,Express Airlines II ,Domestic
38231,Eclipse Airlines ,Domestic
38232,Air Casino ,Domestic
38233,Sky-Jet ,Domestic
38234,American Flight Group ,Domestic
38235,Promech ,Domestic
38236,Air Florida Express ,Domestic
38237,Four Star Aviation ,Domestic
38238,Aviation Sales ,Domestic
38239,Salair ,Domestic
38240,Chicago Express Airlines ,Domestic
38241,Northwest Seaplanes ,Domestic
38242,Business Helicopters ,Domestic
38243,Gorda Aero Service ,Domestic
38245,Grant Aviation ,Domestic
38246,Caribair ,Domestic
38247,Katmai Air ,Domestic
38248,Island Air Charters ,Domestic
38249,Mahalo Air ,Domestic
38250,Pacificair ,Domestic
38251,Capitol Air ,Domestic
38252,Dolphin Express ,Domestic
38253,Downeast Flying Service ,Domestic
38254,Sunshine Airlines ,Domestic
38255,Texas Airways ,Domestic
38256,Pine State Airlines ,Domestic
38257,"Grand Canyon Airlines, Inc. d/b/a Grand Canyon Airlines d/b/a Scenic Airlines (Domest",NA
38258,Sierra Expressway ,Domestic
38259,Merlin Express ,Domestic
38260,Eagle Jet Charter ,Domestic
38261,Seaborne Aviation ,Domestic
38262,Golden West Airlines Inc. ,Domestic
38263,Maverick Airways ,Domestic
38264,Mountain Air Express ,Domestic
38265,"Regions Air, Inc. ",Domestic
38266,Jim Air Inc. ,Domestic
38267,M & N Aviation ,Domestic
38268,Casino Airlines (1) ,Domestic
38269,Kalinin Aviation LLC d/b/a Alaska Seaplanes ,Domestic
38270,Nacnet ,Domestic
38271,Austin Express Inc. ,Domestic
38272,Av Center Inc. ,Domestic
38273,Express Air d/b/a Sunrise ,Domestic
38274,"Dynamic Aviation, Inc. d/b/a Beacon ",Domestic
38276,Air Ketchum Idaho Inc. ,Domestic
38277,Shuttle America Corp. ,Domestic
38278,Rio Grande Air ,Domestic
38279,Island Air Service ,Domestic
38280,Trans International Express ,Domestic
38282,Inland Aviation Services ,Domestic
38283,Ozark Air Lines Inc. ,Domestic
38284,Nevis Express ,Domestic
38285,Spernak Airways Inc. ,Domestic
38286,Atlantic Coast Jet Inc. ,Domestic
38287,Smokey Bay Air Inc. ,Domestic
38288,Casino Airlines ,Domestic
38289,Farwest Airlines ,Domestic
38290,Air-Serve ,Domestic
38291,Potomac Air ,Domestic
38292,Venture Travel LLC d/b/a Taquan Air Service ,Domestic
38293,Boston-Maine Airways ,Domestic
38294,Air Excursions LLC (1) ,Domestic
38295,Sunair Express LLC ,Domestic
38296,Mountain Bird/Salmon Air ,Domestic
71002,Tyrolean Jet Service ,International
71003,"Executive Airlines, SL ",International
71004,Titan Airways ,International
71005,TUI Airlines Nederland B.V. ,International
71006,Aerounion Aerotransporte de Carga Union SA de CV ,International
71007,Globespan Airways Limited d/b/a Flyglobespan ,International
71008,Arrow Panama ,International
71009,LAN Argentina ,International
71010,"Comlux Aviation, AG ",International
71011,"NetJets Transportes Aereos, S.A. ",International
71013,Etihad Airways ,International
71014,Flyjet Limited d/b/a Silverjet ,International
71015,"TravelspanGT, Inc. S.A. ",International
71016,Zeal 320 ,International
71017,Elysair d/b/a L'Avion ,International
71018,ANA & JP Express Co. Ltd. ,International
71019,VistaJet Luftfahrtunternehmen GmbH ,International
71020,Master Top Linhas Aereas Ltd. ,International
71021,JetClub AG ,International
71022,Flair Airlines Ltd. ,International
71024,"Avior Airlines, C.A. ",International
71025,Flying Service N.V. ,International
71026,"Master Top Linhas Aereas, Ltda. ",International
71029,"Global Jet Austria, GmbH ",International
71031,"Global Jet Luxembourg, Sa ",International
71032,"Skyservice Airlines, Inc. ",International
71033,DCA ,International
71034,Eurofly S.p.A ,International
71035,ACM AIR CHARTER GmbH ,International
71036,Jade Cargo International ,International
71037,CAT Aviation ,International
71038,Polar Airlines de Mexico d/b/a Nova Air ,International
71039,Vladivostok Air ,International
71040,"Porter Airlines, Inc. ",International
71041,Sunwing Airlines Inc. ,International
71043,Star Air A/S ,International
71044,"Metropix UK, LLP. ",International
71047,"Santa Barbara Airlines, C.A ",International
71048,Jet Airways (India) Limited ,International
71049,Qatar Airways (Q.C.S.C) ,International
71050,Yangtze River Express Airlines Company ,International
71051,Hainan Airlines Company Limited ,International
71052,TAG Aviation S.A. ,International
71053,JetAlliance Flugbetriebs d/b/a JAF Airservice ,International
71056,Open Skies ,International
71059,Aeromexico Travel ,International
71060,Pan American World Airways Dominicana ,International
71062,TAG Aviation (UK) Ltd. ,International
71063,TAG Aviation Espana S.L. ,International
71065,"Corporatejets, XXI ",International
71067,Aerosur ,International
71068,Great Wall Airlines Company Limited ,International
71069,"Comlux Malta, Ltd. ",International
71070,"Aeroenlaces Nacionales, S.A. de C.V. d/b/a VivaAerobus ",International
71071,Ocean Sky (UK) Limited ,International
71072,Concesionaria Vuela Compania De Aviacion SA de CV (Volaris) ,International
71073,Jetstar Airways Pty Limited ,International
71074,Air Berlin PLC and CO ,International
71075,XL Airways France ,International
71077,Aeroservices Executive ,International
71078,Lan Colombia ,International
71080,Comlux Malta Ltd. ,International
71082,Virgin Blue International Airlines t/a V Australia ,International
71083,Acropolis Aviation Ltd. ,International
71084,Swiss Air Ambulance ,International
71085,Insel Air International B V ,International
71086,Jin Air Co Ltd. ,International
71087,Jet Aviation Business Jets AG ,International
71089,Unijet ,International
71090,AeroLogic GmbH ,International
71091,Meridiana S.p.A ,International
71092,Corsair International ,International
71093,Chartright Air Inc. ,International
71094,Hapag-Lloyd Executive GmbH ,International
71095,London Air Services Limited ,International
71096,Air Alsie A/S ,International
71098,Albinati Aeronautics SA ,International
71099,Skymark Airlines Inc. ,International
71100,Aerovias de Intergracian Regional ,International
71101,Arik Air International ,International
71102,AirBridgeCargo Airlines Limited ,International
71103,Aerolineas Galapagos S A Aerogal ,International
71104,"Travel Service, a.s. ",International
71106,Transportes Aeromar S.A de C.V ,International
71107,Air Finland Ltd. ,International
71109,International Jet Management GmbH ,International
71110,Jet link AG ,International
71111,TUI Airlines Belgium N.V. d/b/a Jetairfly ,International
71112,Sichuan Airlines Co Ltd. ,International
71113,Exec Direct Aviation Services Limited ,International
71114,Brussels Airlines N.V. ,International
71116,Bertelsmann Aviation GmbH ,International
71118,ABC Aerolineas SA de CV dba Interjet ,International
71119,Jeju Air Co Ltd. ,International
71120,JSC The 224th Flight Unit State Airlines ,International
71121,Fly Jamaica Airways Limited ,International
71123,VistaJet Limited ,International
71124,Lauda Motion GmbH ,International
71125,Air Company Yakutia ,International
71127,Norwegian Air Shuttle ASA ,International
71128,Cargolux Italia SpA ,International
71129,Tame Linea Aerea del Ecuador Tme EP ,International
71131,Gainjet Aviation SA ,International
71134,WOW Air ehf ,International
71135,Dassault Falcon Service ,International
71136,VRG Linhas Aereas S A ,International
71138,Ukraine International Airlines ,International
71139,Air Canada rouge LP ,International
71140,Sky Regional Airlines Inc. ,International
71141,SkyBahamas Airlines Ltd. ,International
71142,Jet2.com ,International
71143,Dreamjet SAS Dba La Compagnie ,International
71144,Comlux Aruba NV ,International
71145,Azul Linhas Aereas Brazileiras S A ,International
71146,Blue Jet SP Z o o ,International
71147,SkyGreece Airlines S A ,International
71148,Mjet GmbH ,International
71149,Albinati aviation Limited ,International
71150,ABS JETS A.S ,International
71151,Air Asia X Berhad dba Airasia X ,International
71153,Air Busan ,International
71154,Air Medical Ltd. ,International
71156,Oceanair Linhas Aereas S A ,International
71157,Fast Colombia SAS d/b/a Viva Colombia ,International
71159,Inselair Aruba NV ,International
71160,Compagnie Aerienne Inter Regionale Express dba Air Antilles Express & Air Guyane (Int,NA
71161,Cebu Air Inc d/b/a Cebu Pacific Air ,International
71164,Azerbaijan Airlines CJSC ,International
71165,Cavok Air LLC ,International
71166,Silk Way West Airlines ,International
71167,Orenburg Airlines ,International
71168,WestJet Encore Ltd. ,International
71169,Hong Kong Airlines Limited ,International
71170,Eurowings GmbH ,International
71171,Abelag Aviation AG ,International
71172,Longtail Aviation Ltd. ,International
71173,Air Serbia ,International
71174,Talofa Airways Limited ,International
71176,Luxaviation S A ,International
71178,"Xiamen Airlines Co., Ltd. ",International
71179,"Air Philippines Corp d/b/a Airphil Express, Philippines Airlines ",International
71181,Cargologicair Limited ,International
71182,Eastar Jet Co Ltd. ,International
71183,Hong Kong Express Airways Limited ,International
71184,Svenskt Industriflyg AB ,International
71185,Beijing Capital Airlines ,International
71187,Norwegian Air International Ltd. ,International
71189,Scoot Tigerair Pte Ltd d/b/a Scoot ,International
71190,Air Hamburg Luftverkehrsgesellschaft mbH ,International
71191,Evelop Airlines SL ,International
7148B,Aero Rentas De Coahuila S.A. De C.V. ,International
7148C,Aerotaxis De Aguascalientes S.A. De C.V. ,International
7148D,Servicios Aeronauticos Z S.A. De C.V. ,International
7148E,Taxirey S.A. De C.V. ,International
7900A,Jetsgo ,International
7900C,Central Mountain Air ,International
7900D,Helijet International Inc. ,International
7900F,North Vancouver Air ,International
7900G,Air North ,International
7900H,Regency Air ,International
7900I,Propair ,International
7900K,Harmony Airways ,International
7900L,Air Georgian ,International
7900M,Celtic Tech Jet Ltd. ,International
7900P,SkyLink Express Inc. ,International
7900Q,Canjet Airlines ,International
80001,Academy Airlines ,Domestic
80002,Aeronaves De Puerto Rico ,Domestic
80003,Aero Union Corp ,Domestic
80004,Air Express International Airlines ,Domestic
80005,Air Freight Express ,Domestic
80006,ABX Air Inc ,Domestic
80007,Airgo Inc. ,Domestic
80008,Allstates Air Cargo Inc. ,Domestic
80009,Amerford Airways Inc. ,Domestic
80010,American Air Transport ,Domestic
80011,Astro-Wing Airlines Inc. ,Domestic
80012,Ball Brothers Inc. ,Domestic
80013,Hawaii Pacific Air ,Domestic
80014,Bo-S-Aire Airlines Inc. ,Domestic
80015,Burlington Northern Inc. ,Domestic
80016,CF Air Freight ,Domestic
80017,Central American International ,Domestic
80018,Century Airlines Inc. ,Domestic
80019,Challenge Air Transport Inc. ,Domestic
80020,Check-Air Inc. ,Domestic
80021,Circle Airfreight Corp. ,Domestic
80022,Cohlmia Aviation ,Domestic
80023,Combs Airways Inc. ,Domestic
80024,Conner Air Lines Inc. ,Domestic
80025,Dallas Flight Center ,Domestic
80026,Eagle Aviation Inc. ,Domestic
80027,Falcon Airways Inc. ,Domestic
80028,Falwell Aviation Inc. ,Domestic
80029,Federal Express Corporation ,Domestic
80030,Cam Air International Inc. ,Domestic
80031,Frontier Flying Service ,Domestic
80033,Great Western Airlines Inc. ,Domestic
80034,International Air Service ,Domestic
80035,Interstate Airlines Inc. ,Domestic
80036,Jet Way Inc. ,Domestic
80037,Klondike Air Inc. ,Domestic
80038,Michigan Peninsula Airways ,Domestic
80039,Flight Line Inc. ,Domestic
80041,Northern Air Cargo Inc. ,Domestic
80042,Pacific Alaska Airlines Inc. ,Domestic
80043,Pat Air ,Domestic
80044,Pinehurst Airlines Inc. ,Domestic
80045,Profit Airlines Inc. ,Domestic
80046,Purolator Sky Courier Inc. ,Domestic
80047,Phh Air Inc. ,Domestic
80048,S. S. Airways Inc. ,Domestic
80049,Summit Airlines Inc. ,Domestic
80050,Nal Inc. ,Domestic
80051,Trans Continental Airlines ,Domestic
80052,Transwest Air Express ,Domestic
80053,United Parcel Service ,Domestic
80054,Viking International Airlines Inc. ,Domestic
80055,WTC Airlines ,Domestic
80056,"Astar USA, LLC ",Domestic
80057,Icb International Airlines ,Domestic
80058,Wrangler Aviation Inc. ,Domestic
80059,Air Natl Aircraft Sal & Ser ,Domestic
80060,Air Polynesia d/b/a DHL Cargo ,Domestic
80061,Jet East Inc. ,Domestic
80062,Hawkins And Powers Aviation ,Domestic
80063,Pacific Air Express Inc. ,Domestic
80067,Hemisphere Air Charter ,Domestic
80068,International Parcel Express Inc. ,Domestic
80069,Air Train Inc. ,Domestic
80070,Salair Inc. ,Domestic
80072,Kitty Hawk Air Cargo ,Domestic
81001,Rhoades Aviation dba Transair ,Domestic
81002,Rhoades Aviation dba Transair ,International
81003,Rhoades Aviation dba Transair (System),NA
90004,Air Caravane Inc. ,International
90008,Norontair ,International
90009,Alberta Northern Airlines ,International
90013,Aero Tranportes Panamenos ,International
90020,Turks Air Ltd. (1) ,International
90022,British Airtours Limited ,International
90024,Spantax S. A. ,International
90031,Dan Air Services ,International
90034,Aerolineas Dominicanas S A ,International
90035,Caribwest Airways Ltd. ,International
90037,Execaire Aviation Ltd. ,International
90040,Aero Trades (Western) Ltd. ,International
90043,Fast Air Carrier Ltd. (1) ,International
90044,Air Pacific Ltd. (1) ,International
90045,Laker Airways ,International
90047,Business Flights Ltd. ,International
90050,Transavia Holland B. V. ,International
90052,Iscargo Hf ,International
90053,Tradewinds Airways Ltd. ,International
90054,Aerlinte Eireann Teoranta ,International
90055,Iran National Airlines Corp ,International
90056,Inair ,International
90059,Allarco Developments Ltd. ,International
90061,Transmeridian Air Cargo Ltd. ,International
90063,Kar-Air Oy ,International
90065,Kelowna Flightcraft Air Cha ,International
90070,Liat (1974) Limited ,International
90078,Millardair Limited ,International
90079,Montana Austria Flugetrieb ,International
90082,P.N. Merpati Nusantara Air. ,International
90085,North Cariboo Flying Serv. ,International
90086,Lanica ,International
90087,Norcanair ,International
90088,Northward Airlines Ltd. ,International
90089,North Coast Air Services ,International
90090,National Aviation Consult. ,International
90091,Air Niugini ,International
90094,Aerocondor ,International
90097,Nunasi-Central Airlines Ltd. ,International
90099,Ontario Worldair Limited ,International
90105,Eastern Provincial Airways ,International
90106,Pacific Western Airlines ,International
90107,Inter-Quebec (Intair) ,International
90109,Syrian Arab Airlines ,International
90114,Aero Uruguay (1) ,International
90117,Redcoat Air Cargo Limited ,International
90119,Southern Frontier Air Trans ,International
90121,Skycharter (Malton) Ltd. ,International
90127,Superior Airways Limited ,International
90128,Belize Airways Limited ,International
90129,Skycraft Air Transport Inc. ,International
90133,Transcarga ,International
90136,Trans-Mediterranean Airways ,International
90140,British Caribbean Airways ,International
90141,Air Manila Inc. ,International
90145,Avalon Aviation Ltd. ,International
90146,Wardair Canada Inc. ,International
90147,Gateway Aviation Limited ,International
90148,Windward Islands Airways ,International
90150,Aerotal ,International
90151,Yellow Bird Air ,International
90154,Aviacion Y Comercio S.A. ,International
90162,Aero B Venezuela C.A. ,International
90165,Air Bvi Limited ,International
90166,Air Ontario Limited ,International
90170,Servicio De Carga Aerea Sa ,International
90176,Aermediterranea S.P.A. ,International
90182,Haiti Air ,International
90188,Grenada Airways Ltd. ,International
90191,Le Point Air ,International
90197,First Air ,International
90201,Highland Express Airways ,International
90225,Vacationair ,International
90226,Canadian Aviation Express ,International
90232,Holidair Airways ,International
9106A,Belize Air International Ltd. ,International
9106B,Belize Trans Air ,International
9110A,Lacsa ,International
9110B,Latcr ,International
9110C,Aero Costa Rica ,International
9118A,Aerolineas El Salvador S A ,International
9118B,Taca International Airlines ,International
9118C,Aeropuma ,International
9127A,Aerovias S.A. ,International
9127B,Aviateca ,International
9127C,Lineas Aereas Mayas (Lamsa) ,International
9127D,Tranps Aereos Guatemaltecos ,International
9131A,Servicio Aereo De Honduras ,International
9131B,Transportes Aereos Nacional ,International
9131D,Sol Air (Aero Hunduras) ,International
91482,Aero Laguna S.A. De C.V. ,International
91484,Aerodan S.A. De C.V. ,International
9148A,Aero California ,International
9148B,Aeromexico ,International
9148C,Compania Mexicana De Aviaci ,International
9148D,Lineas Aereas La-Tur Sa ,International
9148E,Aeronautica De Cancun ,International
9148F,Transp. Aereos Ejecutivos ,International
9148H,Aeroejecutivo S.A. ,International
9148I,Aerotransportes Mas De Crga ,International
9148K,Serv. Aerolineas Mexicanas ,International
9148L,Lineas Aereas Allegro ,International
9148M,Quassar De Mexico ,International
9148N,Servicio Aereo Leo Lopez ,International
9148O,Aeromonterrey S.A. ,International
9148P,Aeromexpress ,International
9148Q,Mexicargo ,International
9148R,Aviacsa Airlines ,International
9148U,Estafeta Carga Aereas ,International
9148V,Lineas Aereas Azteca ,International
9148W,Aerolitoral ,International
9153A,Aerolineas Nicaraguenses ,International
9153B,Central American Airlines ,International
9153C,Nicaraguense De Aviacion Sa ,International
9162A,Pacific International Airlines ,International
9162B,Air Panama Internacional ,International
9162C,Compania Panamena (Copa) ,International
9162D,DHL Aero Expresso ,International
9204A,Bahamasair Holding Limited ,International
9204B,Lb Limited ,International
9205A,Caribbean Air Cargo Co Ltd. ,International
9206A,Seagreen Air Transport ,International
9206B,Antigua Paradise Airways ,International
9224A,Aerochago S.A. ,International
9224B,Aerolineas Mundo ,International
9224C,Aeromar C. Por A. ,International
9224D,Alas De Transporte International ,International
9224E,Apa International Air S.A. ,International
9224F,Argo S. A. ,International
9224G,Compania Dominicana De Avia ,International
9224H,Hispaniola Airways ,International
9224I,Aerotour Dominicano Cxa ,International
9224J,Air Atlantic Dominicana ,International
9224K,Queen Air ,International
9224L,Lan Dominica ,International
9233A,Cayman Airways Limited ,International
9235A,Soc.Nouvelle Air Guadeloupe ,International
9238A,Air Haiti S. A. ,International
9238B,Haiti Air Freight Intl ,International
9238C,Haiti Trans Air ,International
9238E,Halisa Air ,International
9243A,Air Jamaica Limited ,International
9243B,Jamaica Air Freighters ,International
9259A,Dutch Caribbean Airlines ,International
9259B,Air Caribbean (1) ,International
9275A,Regal Air ,International
9276A,St. Lucia Airways Limited ,International
9277A,Air Aruba ,International
9277B,Aruba Cargo ,International
9280A,Caribbean Airlines Limited ,International
9281A,Caicos Caribbean Airways ,International
9281B,Turks Air Ltd. ,International
9303A,Aerolineas Argentinas ,International
9303B,Aerotransportes Entre Rios ,International
9303C,Serv De Trans Aereos Fuegui ,International
9303D,Tar Airlines ,International
9303F,Lapa-Lineas Aereas Privadas ,International
9303G,Southern Wind Airlines ,International
9312A,Lloyd Aereo Boliviano S. A. ,International
9312B,Transp. Aereos Bolivianos ,International
9316A,Transbrasil S.A. ,International
9316B,Varig S. A. ,International
9316C,Viacao Aerea Sao Paulo ,International
9316D,Brasair Transportes Aereos ,International
9316E,ABSA-Aerolinhas Brasileiras ,International
9316F,Transportes Aeros Meridiona ,International
9316G,Varig Logistica S/A ,International
9324A,Ladeco ,International
9324B,Lan-Chile Airlines ,International
9324C,Fast Air Carrier Ltd. ,International
9327A,Aerovias Nacl De Colombia ,International
9327B,Aerovias Colombianas Arca ,International
9327C,Lineas Aereas Del Caribe ,International
9327D,Transportes Aereos Mercantiles Panamericanos S.A ,International
9327E,Sociedad Aeronautica De Med ,International
9327F,Aces Airlines ,International
9327G,Aero Transcolombiana ,International
9327H,Lineas Aereas Suramerican ,International
9337A,Aeroservicios Ecuatorianos ,International
9337B,Andes ,International
9337C,Ecuatoriana De Aviacion ,International
9337D,Saeta Airlines ,International
9337E,Lan Ecuador ,International
9350A,Guyana Airways Corporation ,International
9365A,Lineas Aereas Paraguayas ,International
9368A,Aero Peru ,International
9368B,Aeronaves Del Peru ,International
9368C,Compan. De Aviacion Faucett ,International
9368D,Export Air Del Peru S.A. ,International
9368E,Lan Peru Airlines ,International
9368F,Aero Continente ,International
9368G,Taca Peru ,International
9368H,Cielos De Peru ,International
9379A,Surinam Airways Limited ,International
9385A,Primeras Lineas Uruguays For International ,International
9385B,Aerosur (1) ,International
9385C,Aero Uruguay ,International
9385D,Aerolineas Uruguayas S.A. ,International
9388A,Aerovias Venezolanas-Avensa ,International
9388B,Venezuelan International Airways ,International
9388C,Interamericana De Aviacion ,International
9388D,Zuliana De Aviacion ,International
9388E,Aerolineas Latinas ,International
9388F,General Air Cargo ,International
9388G,Aeroejecutivos C.A. ,International
9388H,Aeropostal Alas De Venezuel ,International
9388I,Servicios Avensa ,International
9388J,Caraven S.A. ,International
9388K,Venexcargo ,International
9388L,J.D.Valenciana De Aviation ,International
9388M,Vensecar International ,International
9403A,Austrian Airlines ,International
9403B,Lauda Air Luftfahrt Ag ,International
9409A,Sabena Belgian World Air. ,International
9409B,Air Belgium ,International
9409C,Skyjet S.A. ,International
9409D,Sobelair ,International
9409E,City Bird ,International
9411A,Jes Air Ltd. ,International
9411B,Balkan Bulgarian Airlines ,International
9417A,Czech Airlines ,International
9418A,Czech Airlines ,International
9419A,A/S Conair ,International
9419B,Maersk Air I/S ,International
9419C,Sterling Airways A/S ,International
9419D,Premiair ,International
9419E,Sterling Cargo ,International
9425A,Finnair Oy ,International
9427A,Air Charter (Safa) ,International
9427B,Compagnie Natl Air France ,International
9427C,Corse Air International ,International
9427D,Air Liberte Aka Aom Minerve ,International
9427E,Union De Transports Aeriens ,International
9427F,Aeromaritime ,International
9427G,Air Liberte ,International
9427H,Trans Europ. Airways France ,International
9427I,Aero-Services-Corporate ,International
9427J,Airbus Transport Internat'l ,International
9429A,Condor Flugdienst ,International
9429B,Lufthansa Cargo Airlines ,International
9429C,Hapag Lloyd Flug. ,International
9429D,Lufthansa German Airlines ,International
9429E,Luftransport-Unternehmen ,International
9429F,Britannia Airways GmbH ,International
9429G,Jet Connection Businessflight Ag ,International
9433A,Olympic Airways ,International
9437A,Malev Hungarian Airlines ,International
9439A,Icelandair ,International
9439B,Air Atlanta Icelandic ,International
9441A,Aer Turas Teoranta ,International
9441B,Aer Lingus Plc ,International
9441C,Translift Airways Limited ,International
9450A,Compagnia Aerea Italiana ,International
9450B,Air Europe S.P.A. ,International
9454A,Cargolux Airlines International S.A ,International
9454B,Luxair ,International
9454C,Translux Intl Airlines ,International
9456A,Air Malta ,International
9461A,Klm Royal Dutch Airlines ,International
9461B,Martinair Holland N.V. ,International
9467A,Polskie Linie Lotnicze ,International
9469A,Tap-Portuguese Airlines ,International
9469C,Euro Atlantic Airways ,International
9469D,Sata Internacional ,International
9473A,Tarom Romanian Air Transpor ,International
9475A,Aeroflot Russian Airlines ,International
9475B,Volga-Dnepr Airlines ,International
9475C,Transaero Airlines ,International
9475D,North East Cargo Airlines ,International
9475E,Polyot Airlines ,International
9475F,Avia Leasing Company ,International
9480A,Yugoslav Airlines ,International
9482A,Air Europa ,International
9482B,Iberia Air Lines Of Spain ,International
9482C,Spanair S.A. ,International
9482D,Oasis International Airlines S.A. ,International
9482E,Air Comet S.A. ,International
9484A,Scanair ,International
9484B,Scandinavian Airlines Sys. ,International
9484C,Blue Scandinavia Ab ,International
9484D,Time Air Sweden Ab ,International
9484E,TUIfly Nordic A.B. ,International
9484F,Novair Airlines Ab ,International
9486A,Balair Ag ,International
9486B,Swissair Transport Co. Ltd. ,International
9486C,Swiss World Airways ,International
9486E,Privatair ,International
9486F,Edelweiss Air Ag ,International
9486G,Swiss International Airlines ,International
9486H,G5 Executive Ag ,International
9486I,Belair Airlines Ltd. ,International
9488A,Air Ukraine ,International
9488B,Antonov Company ,International
9488C,Aerosvit Ukranian Airlines ,International
9493A,Air Europe Limited ,International
9493B,First Choice Airways ,International
9493C,Anglo Airlines Ltd. ,International
9493D,Britannia Airways Ltd. ,International
9493E,British Airways Plc ,International
9493F,British Midland Airways Ltd. ,International
9493G,Cal Air International Ltd. ,International
9493H,Thomas Cook Airlines Uk Ltd. ,International
9493I,Heavylift Cargo Airlines Lt ,International
9493J,Monarch Airlines ,International
9493K,Virgin Atlantic Airways ,International
9493L,Novair International Airways Ltd. ,International
9493M,Das Air Cargo ,International
9493N,Air Foyle Limited ,International
9493O,Leisure International Airways Ltd. ,International
9493P,Mytravel Airways ,International
9493Q,Flying Colours Airlines Ltd. ,International
9493R,Global Supply System ,International
9493S,European Aviation Air Charter ,International
9493T,Triair Bermuda Flt Operations ,International
9493U,Air Atlanta Europe ,International
9493V,Excel Airways ,International
9507A,Transportes Aereos De Cabo ,International
9522A,Ethiopian Airlines ,International
9529A,Ghana Airways Corporation ,International
9529B,MK Airlines Ltd. ,International
9533A,Air Afrique ,International
9548A,Royal Air Maroc ,International
9555A,Nigeria Airways Ltd. ,International
9562A,South African Airways ,International
9565A,Affretair ,International
9591A,Egyptair ,International
9591B,Zas Airline Of Egypt ,International
9597A,Zambia Airways Corp. ,International
9605A,Gulf Air Company ,International
9634A,Iraqi Airways ,International
9636A,El Al Israel Airlines Ltd. ,International
9636B,C.A.L Cargo Airlines ,International
9636C,Israir Airlines ,International
9639A,Alia-(The) Royal Jordanian ,International
9644A,Kuwait Airways Corp. ,International
9647A,Middle East Airlines S.A.L. ,International
9670A,Saudi Arabian Airlines Corp ,International
9678A,Emirates ,International
9679A,Turk Hava Yollari A.O. ,International
9703A,Biman Bangladesh Airlines ,International
9713A,Air China ,International
9713B,China Eastern Airlines ,International
9713C,China Southern Airlines ,International
9713D,China Cargo Airline ,International
9729A,Cathay Pacific Airways Ltd. ,International
9729B,Hong Kong Dragonair ,International
9733A,National Aviation Company of India Limited d/b/a Air India ,International
9736A,All Nippon Airways Co. ,International
9736B,Japan Air Lines Co. Ltd. ,International
9736C,Japan Air System Co. Ltd. ,International
9736D,Nippon Cargo Airlines ,International
9736E,Japan Air Charter Co. Ltd. ,International
9736F,World Air Network ,International
9736H,Harlequin Air Corporation ,International
9736I,Jalways Co. Ltd. ,International
9736J,Air Japan Co ,International
9746B,Transmile Air Service ,International
9749A,Malaysian Airline System ,International
9764A,Pakistan International Airlines ,International
9766A,Philippine Airlines Inc. ,International
9770A,Krasair ,International
9770B,Magadan Airlines ,International
9776A,Singapore Airlines Ltd. ,International
9778A,Korean Air Lines Co. Ltd. ,International
9778B,Asiana Airlines Inc. ,International
9781A,China Airlines Ltd. ,International
9781B,Eva Airways Corporation ,International
9782A,Thai Airways International Ltd. ,International
9788A,Uzbekistan Airways ,International
9802A,Qantas Airways Ltd. ,International
9821A,Air Pacific Ltd. ,International
9823A,Air Tahiti Nui ,International
9824A,Air Tungaru Corporation ,International
9832A,P.T. Garuda Indonesian Arwy ,International
9844A,Air Marshall Islands Inc. ,International
9845A,Air Nauru ,International
9851A,Air New Zealand ,International
9892A,Polynesian Airlines Ltd. ,International
99002,All Canada Express ,International
9900A,Air Canada ,International
9900B,Air Charter Systems (Acs) ,International
9900C,Air Transat ,International
9900D,Bradley Air Services Ltd. ,International
9900E,Canada 3000 Airlines Ltd. ,International
9900F,Canadian Airlines International Ltd. ,International
9900G,Jazz Aviation LP ,International
9900H,Airbc Ltd. ,International
9900J,N. W. Territorial Airways ,International
9900K,Nationair ,International
9900M,Pem-Air Limited ,International
9900N,Intair ,International
9900O,Time Air Ltd. ,International
9900P,Worldways Canada Ltd. ,International
9900R,Advance Air Charters ,International
9900S,Jetall Airways ,International
9900T,Sky Service F.B.O. ,International
9900U,Air Club International ,International
9900V,Royal Air ,International
9900W,Cargojet Airways Ltd. ,International
9900X,Morningstar Air Express ,International
9900Y,Westjet ,International
9900Z,Nolinor Aviation ,International
